{
  "npmScope": "rosa",
  "affected": {
    "defaultBase": "master"
  },
  "cli": {
    "defaultCollection": "@nrwl/angular",
    "packageManager": "npm"
  },
  "implicitDependencies": {
    "package.json": {
      "dependencies": "*",
      "devDependencies": "*"
    },
    ".eslintrc.json": "*"
  },
  "tasksRunnerOptions": {
    "default": {
      "runner": "@nrwl/nx-cloud",
      "options": {
        "cacheableOperations": [
          "build",
          "lint",
          "test",
          "e2e"
        ],
        "accessToken": "Yjk4ZTU3OTMtNjFiZi00MmI5LWE3NmQtYjgxMjc2NjE3NDk4fHJlYWQtd3JpdGU="
      }
    }
  },
  "targetDependencies": {
    "build": [
      {
        "target": "build",
        "projects": "dependencies"
      }
    ]
  },
  "generators": {
    "@nrwl/angular:application": {
      "style": "css",
      "linter": "eslint",
      "unitTestRunner": "jest",
      "e2eTestRunner": "cypress"
    },
    "@nrwl/angular:library": {
      "linter": "eslint",
      "unitTestRunner": "jest"
    },
    "@nrwl/angular:component": {
      "style": "css"
    }
  },
  "defaultProject": "patient-booking"
}
